Phi [lgM☉⁻¹Mpc⁻³],sigma_Phi_low [lgM☉⁻¹Mpc⁻³],sigma_Phi_high [lgM☉⁻¹Mpc⁻³],Mbh [M☉],sigma_Mbh_low,sigma_Mbh_high,shape,label,z_low,z_high,ADSABS,data
-1.89619627904404,0.327829389826588,0.184669079643826,316227.766016838,0.5,0.5,h,Fei+2026,4.5,7,https://ui.adsabs.harvard.edu/abs/2026ApJ...1003..244F/abstract,https://iopscience.iop.org/0004-637X/1003/2/244/suppdata/apjae6248t4_ascii.txt?doi=10.3847/1538-4357/ae6248
-3.19382002601611,0.262111929633612,0.162302974570048,1778279.41003892,0.25,0.25,h,Fei+2026,4.5,7,https://ui.adsabs.harvard.edu/abs/2026ApJ...1003..244F/abstract,https://iopscience.iop.org/0004-637X/1003/2/244/suppdata/apjae6248t4_ascii.txt?doi=10.3847/1538-4357/ae6248
-3.30102999566398,0.301029995663981,0.176091259055681,5623413.25190349,0.25,0.25,h,Fei+2026,4.5,7,https://ui.adsabs.harvard.edu/abs/2026ApJ...1003..244F/abstract,https://iopscience.iop.org/0004-637X/1003/2/244/suppdata/apjae6248t4_ascii.txt?doi=10.3847/1538-4357/ae6248
-3.74472749489669,0.410174465089049,0.20712549279565,17782794.1003892,0.25,0.25,h,Fei+2026,4.5,7,https://ui.adsabs.harvard.edu/abs/2026ApJ...1003..244F/abstract,https://iopscience.iop.org/0004-637X/1003/2/244/suppdata/apjae6248t4_ascii.txt?doi=10.3847/1538-4357/ae6248
-4.27,0.15,0.11,31622776.6016838,0.2,0.2,s,Matthee+2024,4.2,5.5,https://ui.adsabs.harvard.edu/abs/2024ApJ...963..129M/abstract,https://iopscience.iop.org/0004-637X/963/2/129/suppdata/apjad2345t6_ascii.txt?doi=10.3847/1538-4357/ad2345
-5.05,0.3,0.18,125892541.179417,0.4,0.4,s,Matthee+2024,4.2,5.5,https://ui.adsabs.harvard.edu/abs/2024ApJ...963..129M/abstract,https://iopscience.iop.org/0004-637X/963/2/129/suppdata/apjad2345t6_ascii.txt?doi=10.3847/1538-4357/ad2345
-5.91578131326076,0.547660244167709,0.234679027888248,31622776.6016838,0.15,0.15,^,He+2024,3.5,4.25,https://ui.adsabs.harvard.edu/abs/2024ApJ...962..152H/abstract,https://iopscience.iop.org/0004-637X/962/2/152/suppdata/apjad1518t8_ascii.txt?doi=10.3847/1538-4357/ad1518
-6.00348832784582,0.430663853480661,0.211929684284389,63095734.4480193,0.15,0.15,^,He+2024,3.5,4.25,https://ui.adsabs.harvard.edu/abs/2024ApJ...962..152H/abstract,https://iopscience.iop.org/0004-637X/962/2/152/suppdata/apjad1518t8_ascii.txt?doi=10.3847/1538-4357/ad1518
-5.94692155651658,0.210469203872858,0.14115830524041,125892541.179417,0.15,0.15,^,He+2024,3.5,4.25,https://ui.adsabs.harvard.edu/abs/2024ApJ...962..152H/abstract,https://iopscience.iop.org/0004-637X/962/2/152/suppdata/apjad1518t8_ascii.txt?doi=10.3847/1538-4357/ad1518
-5.85604888357604,0.13322725103219,0.101808239543313,251188643.150958,0.15,0.15,^,He+2024,3.5,4.25,https://ui.adsabs.harvard.edu/abs/2024ApJ...962..152H/abstract,https://iopscience.iop.org/0004-637X/962/2/152/suppdata/apjad1518t8_ascii.txt?doi=10.3847/1538-4357/ad1518
-6.09312646527793,0.190870191087271,0.132143787275342,501187233.627271,0.15,0.15,^,He+2024,3.5,4.25,https://ui.adsabs.harvard.edu/abs/2024ApJ...962..152H/abstract,https://iopscience.iop.org/0004-637X/962/2/152/suppdata/apjad1518t8_ascii.txt?doi=10.3847/1538-4357/ad1518
-6.35066514128786,0.239401735380847,0.153438866579834,1000000000,0.15,0.15,^,He+2024,3.5,4.25,https://ui.adsabs.harvard.edu/abs/2024ApJ...962..152H/abstract,https://iopscience.iop.org/0004-637X/962/2/152/suppdata/apjad1518t8_ascii.txt?doi=10.3847/1538-4357/ad1518
-7.30980391997149,0.367976785294594,0.196294645143968,1995262314.96888,0.15,0.15,^,He+2024,3.5,4.25,https://ui.adsabs.harvard.edu/abs/2024ApJ...962..152H/abstract,https://iopscience.iop.org/0004-637X/962/2/152/suppdata/apjad1518t8_ascii.txt?doi=10.3847/1538-4357/ad1518
-6.79317412396815,0.482550006431061,0.222926403970558,3981071705.53497,0.15,0.15,^,He+2024,3.5,4.25,https://ui.adsabs.harvard.edu/abs/2024ApJ...962..152H/abstract,https://iopscience.iop.org/0004-637X/962/2/152/suppdata/apjad1518t8_ascii.txt?doi=10.3847/1538-4357/ad1518
-7.72124639904717,0.0234810958495229,0.0222763947111522,7943282347.24282,0.15,0.15,^,He+2024,3.5,4.25,https://ui.adsabs.harvard.edu/abs/2024ApJ...962..152H/abstract,https://iopscience.iop.org/0004-637X/962/2/152/suppdata/apjad1518t8_ascii.txt?doi=10.3847/1538-4357/ad1518
-8.39794000867204,0.1249387366083,0.0969100130080564,15848931924.6111,0.15,0.15,^,He+2024,3.5,4.25,https://ui.adsabs.harvard.edu/abs/2024ApJ...962..152H/abstract,https://iopscience.iop.org/0004-637X/962/2/152/suppdata/apjad1518t8_ascii.txt?doi=10.3847/1538-4357/ad1518
-9,0,0,31622776601.6838,0.15,0.15,^,He+2024,3.5,4.25,https://ui.adsabs.harvard.edu/abs/2024ApJ...962..152H/abstract,https://iopscience.iop.org/0004-637X/962/2/152/suppdata/apjad1518t8_ascii.txt?doi=10.3847/1538-4357/ad1518
-3.55909091793478,0.106053392447926,0.115031355753293,5623413.25190349,0.25,0.25,o,Taylor+2025,3.5,6,https://ui.adsabs.harvard.edu/abs/2025ApJ...986..165T/abstract,https://iopscience.iop.org/0004-637X/986/1/165/suppdata/apjadd15bt3_ascii.txt?doi=10.3847/1538-4357/add15b
-3.94692155651658,0.105154823651693,0.109784549838506,17782794.1003892,0.25,0.25,o,Taylor+2025,3.5,6,https://ui.adsabs.harvard.edu/abs/2025ApJ...986..165T/abstract,https://iopscience.iop.org/0004-637X/986/1/165/suppdata/apjadd15bt3_ascii.txt?doi=10.3847/1538-4357/add15b
-4.44249279809434,0.149267236593808,0.149210580431101,56234132.5190349,0.25,0.25,o,Taylor+2025,3.5,6,https://ui.adsabs.harvard.edu/abs/2025ApJ...986..165T/abstract,https://iopscience.iop.org/0004-637X/986/1/165/suppdata/apjadd15bt3_ascii.txt?doi=10.3847/1538-4357/add15b
-5.11520463605102,0.340727319598705,0.296476407610481,177827941.003892,0.25,0.25,o,Taylor+2025,3.5,6,https://ui.adsabs.harvard.edu/abs/2025ApJ...986..165T/abstract,https://iopscience.iop.org/0004-637X/986/1/165/suppdata/apjadd15bt3_ascii.txt?doi=10.3847/1538-4357/add15b
-9.69,inf,0.3,794328234.724282,0.2,0.2,o,Wu+2022,5.7,6.5,https://ui.adsabs.harvard.edu/abs/2022MNRAS.517.2659W/abstract,https://doi.org/10.1093/mnras/stac2833
-9.99,inf,0.3,1258925411.79417,0.2,0.2,o,Wu+2022,5.7,6.5,https://ui.adsabs.harvard.edu/abs/2022MNRAS.517.2659W/abstract,https://doi.org/10.1093/mnras/stac2833
-9.21,0.32,0.18,1995262314.96888,0.2,0.2,o,Wu+2022,5.7,6.5,https://ui.adsabs.harvard.edu/abs/2022MNRAS.517.2659W/abstract,https://doi.org/10.1093/mnras/stac2833
-9.15,0.28,0.17,3162277660.16838,0.2,0.2,o,Wu+2022,5.7,6.5,https://ui.adsabs.harvard.edu/abs/2022MNRAS.517.2659W/abstract,https://doi.org/10.1093/mnras/stac2833
-9.15,0.28,0.17,5011872336.27271,0.2,0.2,o,Wu+2022,5.7,6.5,https://ui.adsabs.harvard.edu/abs/2022MNRAS.517.2659W/abstract,https://doi.org/10.1093/mnras/stac2833
-8.86,0.84,0.27,7943282347.24282,0.2,0.2,o,Wu+2022,5.7,6.5,https://ui.adsabs.harvard.edu/abs/2022MNRAS.517.2659W/abstract,https://doi.org/10.1093/mnras/stac2833
-10.04,inf,0.3,19952623149.6888,0.2,0.2,o,Wu+2022,5.7,6.5,https://ui.adsabs.harvard.edu/abs/2022MNRAS.517.2659W/abstract,https://doi.org/10.1093/mnras/stac2833
-8.84,0.53,0.23,1258925411.79417,0.2,0.2,s,Wu+2022,5.7,6.5,https://ui.adsabs.harvard.edu/abs/2022MNRAS.517.2659W/abstract,https://doi.org/10.1093/mnras/stac2833
-8.33,0.42,0.21,1995262314.96888,0.2,0.2,s,Wu+2022,5.7,6.5,https://ui.adsabs.harvard.edu/abs/2022MNRAS.517.2659W/abstract,https://doi.org/10.1093/mnras/stac2833
-8.67,0.37,0.2,3162277660.16838,0.2,0.2,s,Wu+2022,5.7,6.5,https://ui.adsabs.harvard.edu/abs/2022MNRAS.517.2659W/abstract,https://doi.org/10.1093/mnras/stac2833
-9.15,inf,0.3,7943282347.24282,0.2,0.2,s,Wu+2022,5.7,6.5,https://ui.adsabs.harvard.edu/abs/2022MNRAS.517.2659W/abstract,https://doi.org/10.1093/mnras/stac2833
-9.18708664335714,0.381549592483868,0.199923868062317,478630092.322638,0.19,0.19,o,Lai+2024,4.5,5.3,https://ui.adsabs.harvard.edu/abs/2024MNRAS.531.2245L/abstract,https://doi.org/10.1093/mnras/stae1301
-9.14874165128093,0.188500517037501,0.131012884320493,1148153621.49688,0.19,0.19,o,Lai+2024,4.5,5.3,https://ui.adsabs.harvard.edu/abs/2024MNRAS.531.2245L/abstract,https://doi.org/10.1093/mnras/stae1301
-8.85387196432176,0.16840443038939,0.121043692724776,2818382931.26445,0.19,0.19,o,Lai+2024,4.5,5.3,https://ui.adsabs.harvard.edu/abs/2024MNRAS.531.2245L/abstract,https://doi.org/10.1093/mnras/stae1301
-8.86327943284359,0.0913975883697494,0.075467037247551,6760829753.91982,0.19,0.19,o,Lai+2024,4.5,5.3,https://ui.adsabs.harvard.edu/abs/2024MNRAS.531.2245L/abstract,https://doi.org/10.1093/mnras/stae1301
-9.67778070526608,0.208275942427082,0.140178703165037,16218100973.5893,0.19,0.19,o,Lai+2024,4.5,5.3,https://ui.adsabs.harvard.edu/abs/2024MNRAS.531.2245L/abstract,https://doi.org/10.1093/mnras/stae1301
-10.5228787452803,inf,0.301029995663981,39810717055.3497,0.19,0.19,o,Lai+2024,4.5,5.3,https://ui.adsabs.harvard.edu/abs/2024MNRAS.531.2245L/abstract,https://doi.org/10.1093/mnras/stae1301
